<?xml version="1.0" encoding="utf-8"?>
 
<feed xmlns="http://www.w3.org/2005/Atom">
 
	<title>IIT Lab 4 Atom Feed</title>
	<subtitle>5 feeds compiled for IIT lab 4</subtitle>
	<link href="https://afsws.rpi.edu/AFS/home/41/churce3/public_html/iit/labs/lab4/atom/atom.xml" rel="self" />
	<link href="https://afsws.rpi.edu/AFS/home/41/churce3/public_html/iit/labs/lab4/atom/atom.xml" />
	<id>urn:uuid:60a76c80-d399-11d9-b91C-0003939e0af6</id>
	<updated>2003-12-13T18:30:02Z</updated>
	<author>
		<name>Ethan Churchill</name>
		<email>churce3@rpi.edu</email>
	</author>

	<entry>
		<title>96-year-old woman who fled Nazi war crimes trial is found</title>
		<link href="https://www.cnn.com/2021/09/30/europe/german-96-year-old-nazi-intl-grm/index.html" />
		<id>urn:uuid:1225c695-cfb8-4ebb-aaaa-80da344efa6a</id>
		<summary>CNN - A 96-year-old German woman who fled on Thursday before standing trial on charges of aiding and abetting murder in a Nazi concentration camp has been found by local authorities and will be brought before the court.</summary>
	  	<updated>2021-09-30T10:02:00Z</updated>
	</entry>

	<entry>
		<title>The Wild Beyond the Witchlight Review</title>
		<link href="https://arcaneeye.com/product-spotlights/wild-beyond-the-witchlight-review/" />
		<id>urn:uuid:1225c695-cfb8-4ebb-aaaa-80da344efa7a</id>
		<summary>Arcane Eye - The Wild Beyond the Witchlight is a 5th Edition adventure module published by Wizards of the Coast that takes players from a circus on the Material Plane, called the Witchlight Festival, into the Feywild domain of Prismeer. The book was released on September 21st, 2021, is 256 pages long, and takes players from levels 1 to 8.</summary>
	  	<updated>2021-09-21T00:00:00Z</updated>
	</entry>
	<entry>
		<title>On This Day in Space! Oct. 4, 1957: Sputnik 1 becomes 1st human-made satellite</title>
		<link href="https://www.space.com/39251-on-this-day-in-space.html" />
		<id>urn:uuid:1225c695-cfb8-4ebb-aaaa-80da344efa8a</id>
		<summary>Space.com - On Oct. 4, 1957, the Soviet Union launched Sputnik 1, the satellite that started the Space Race.</summary>
	  	<updated>2021-10-04T07:00:00Z</updated>
	</entry>
	<entry>
		<title>It's too soon to determine whether families can gather for Christmas; 90% vaccination rate might be needed: Live COVID updates</title>
		<link href="https://www.usatoday.com/story/news/health/2021/10/03/us-might-need-90-vaccination-rate-crush-delta-variant-covid-news/5972746001/" />
		<id>urn:uuid:1225c695-cfb8-4ebb-aaaa-80da344efa9a</id>
		<summary>USAToday.com - It's too soon to say whether the pandemic has eased enough for families to gather for Christmas this year, Dr. Anthony Fauci said Sunday.</summary>
	  	<updated>2021-10-03T09:53:00Z</updated>
	</entry>
	<entry>
		<title>Breaking: Mat Cauthon Recast for Season 2</title>
		<link href="https://www.wotseries.com/2021/09/20/breaking-mat-cauthon-recast-for-season-2/" />
		<id>urn:uuid:1225c695-cfb8-4ebb-aaaa-80da344efaaa</id>
		<summary>According to Deadline, Dónal Finn will be taking over the role of Mat Cauthon from Barney Harris in season 2 of The Wheel of Time. Wotseries has confirmed this news with Amazon Studios. The reason for Harris’ departure is unknown at this time.</summary>
	  	<updated>2021-09-20T20:41:00Z</updated>
	</entry>
 
</feed>



